{
  "$schema": "https://schema.management.azure.com/schemas/2015-01-01/deploymentTemplate.json#",
  "contentVersion": "1.0.0.0",
  "parameters": {
    "logicAppName": {
      "type": "string",
      "minLength": 1,
      "maxLength": 80,
      "metadata": {
        "description": "Name of the Logic App."
      }
    },
    "logicAppLocation": {
      "type": "string",
      "defaultValue": "[resourceGroup().location]",
      "allowedValues": [
        "[resourceGroup().location]",
        "australiaeast",
        "australiasoutheast",
        "brazilsouth",
        "centralus",
        "eastasia",
        "eastus",
        "eastus2",
        "japaneast",
        "japanwest",
        "northcentralus",
        "northeurope",
        "southcentralus",
        "southeastasia",
        "westeurope",
        "westus"
      ],
      "metadata": {
        "description": "Location of the Logic App."
      }
    }
  },
  "variables": {},
  "resources": [
    {
      "name": "[parameters('logicAppName')]",
      "type": "Microsoft.Logic/workflows",
      "location": "[parameters('logicAppLocation')]",
      "tags": {
        "displayName": "LogicApp"
      },
      "apiVersion": "2016-06-01",
      "properties": {
        "definition": {
          "$schema": "https://schema.management.azure.com/providers/Microsoft.Logic/schemas/2016-06-01/workflowdefinition.json#",
          "contentVersion": "1.0.0.0",
          "actions": {},
          "outputs": {},
          "parameters": {},
          "triggers": {}
        },
        "parameters": {}
      }
    }
  ],
  "outputs": {}
}